title_code,title,format,copies,active,revision
BK-01,The Glass Orchard,Large Print,2,yes,1
BK-02,Harbor Signals,Paperback,1,yes,1
BK-03,Night Map,Read Along,0,yes,1
BK-04,Cloud Atlas for Children,Hardcover,3,yes,2
BK-05,Retired Rivers,Paperback,2,yes,1
BK-05,Retired Rivers,Paperback,2,no,2
BK-06,Old Comet,Large Print,1,yes,1
BK-06,Comet School,Large Print,1,yes,2
BK-04,Cloud Atlas Draft,Hardcover,4,yes,1
BK-07,Leading Zero,Paperback,01,yes,1
BK-08,Pipe|Title,Paperback,1,yes,1
BK-X9,Bad Code,Paperback,1,yes,1
BK-09,Missing Field,Paperback,1,yes
