hold_id	title_code	title	format	patron	requested_at	queue_rank	copies	decision
HD-101	BK-01	The Glass Orchard	Large Print	Ben Ortiz	2093-03-10T08:00:00Z	1	2	ready
HD-100	BK-01	The Glass Orchard	Large Print	Ava Reed	2093-03-10T09:00:00Z	2	2	ready
HD-102	BK-01	The Glass Orchard	Large Print	Cora Lin	2093-03-10T10:00:00Z	3	2	waitlisted
HD-103	BK-02	Harbor Signals	Paperback	Dara Cole	2093-03-11T11:00:00Z	1	1	ready
HD-104	BK-03	Night Map	Read Along	Eli Shah	2093-03-09T12:00:00Z	1	0	waitlisted
HD-105	BK-03	Night Map	Read Along	Finn Moss	2093-03-12T12:00:00Z	2	0	waitlisted
HD-106	BK-04	Cloud Atlas for Children	Hardcover	Gia Park	2093-03-13T07:00:00Z	1	3	ready
HD-107	BK-06	Comet School	Large Print	Hugo Bell	2093-03-13T08:00:00Z	1	1	ready
HD-108	BK-06	Comet School	Large Print	Iris Vale	2093-03-13T09:00:00Z	2	1	waitlisted
